Декоративные обои;Обои из природного материала Традиционный принт светло-коричневые;1549922;16950,00;0,91
Фотообои;Фотообои флизелиновые Горы 500x270 см;2018556;15880,00;0,50
Обои под покраску;Обои под покраску флизелиновые Рельеф;3028272;11080,00;0,75
Стеклообои;Стеклообои Рогожка белые;4029272;5898,00;1,00
Декоративные обои;Обои флизелиновые Эвелин светло-серые;1028248;15200,00;1,06
Фотообои;Фотообои флизелиновые 3D Лес и горы 300x280 см;2118827;12500,96;0,30
Обои под покраску;Обои под покраску флизелиновые цвет белый;3130981;4320,56;1,06
Стеклообои;Стеклохолст;4029784;2998,99;1,00
Декоративные обои;Флизелиновые обои Принт Вензель серые;1658953;16200,96;0,68
Фотообои;Фотообои флизелиновые Узор 300x270 см;2026662;8780,69;0,30
Обои под покраску;Обои под покраску флизелиновые Кирпичная стена;3159043;15750,00;1,06
Стеклообои;Стеклообои Средняя елка белые;4588376;5500,00;1,00
Декоративные обои;Обои бумажные Полосы цвет бежевый;1758375;13500,96;0,68
Фотообои;Фотообои Тропики 290x260 см;2759324;6980,00;0,29
Обои под покраску;Обои под покраску Рисунок Штукатурка белые;3118827;5890,00;1,06
Стеклообои;Стеклообои Геометрические фигуры белые ;4559898;5369,00;1,00
Декоративные обои;Обои флизелиновые Лилия бежевые;1259474;9750,79;1,06
Фотообои;Фотообои флизелиновые 3D Пейзаж 300x280 см;2115947;16850,00;0,30
Обои под покраску;Обои под покраску флизелиновые однотонные цвет белый ;3033136;3390,00;1,06
Стеклообои;Стеклохолст малярный Паутинка;4028048;1750,00;1,00
